{
  "version": 1,
  "training_samples": 87,
  "ai_samples": 48,
  "real_samples": 39,
  "features": [
    "prnu_mean_corr",
    "prnu_std_corr",
    "trajectory_curvature_mean",
    "trajectory_curvature_std",
    "trajectory_max_curvature",
    "trajectory_mean_distance",
    "flow_jitter_index",
    "flow_patch_variance",
    "flow_smoothness_score",
    "flow_global_mean",
    "flow_global_std",
    "ocr_frame_stability",
    "ocr_mutation_rate",
    "ocr_unique_string_count",
    "ocr_total_detections",
    "freq_low_power_mean",
    "freq_mid_power_mean",
    "freq_high_power_mean",
    "freq_high_low_ratio_mean",
    "noise_variance_r_mean",
    "noise_variance_g_mean",
    "noise_variance_b_mean",
    "cross_channel_corr_rg_mean",
    "spatial_autocorr_mean",
    "temporal_noise_consistency",
    "avg_bitrate",
    "i_frame_ratio",
    "p_frame_ratio",
    "b_frame_ratio",
    "gop_length_mean",
    "gop_length_std",
    "double_compression_score",
    "duration_seconds",
    "fps",
    "resolution_width",
    "resolution_height"
  ],
  "feature_importance": {
    "ocr_frame_stability": 0.27889407835862867,
    "trajectory_curvature_mean": 0.09926387705833555,
    "flow_global_mean": 0.061484608555758116,
    "flow_smoothness_score": 0.057303602732181755,
    "ocr_total_detections": 0.05485978916720694,
    "ocr_unique_string_count": 0.044128750570939415,
    "noise_variance_g_mean": 0.038171383731898725,
    "ocr_mutation_rate": 0.032967671466067446,
    "flow_global_std": 0.032480458626293215,
    "flow_patch_variance": 0.0320080848331247,
    "cross_channel_corr_rg_mean": 0.02788359882301078,
    "spatial_autocorr_mean": 0.027138604451796732,
    "trajectory_curvature_std": 0.025680705343684603,
    "avg_bitrate": 0.02403468790275562,
    "noise_variance_b_mean": 0.021748792232060696,
    "prnu_mean_corr": 0.015019558902946713,
    "freq_mid_power_mean": 0.014614544012407898,
    "trajectory_mean_distance": 0.013686843937231002,
    "freq_high_low_ratio_mean": 0.013483595456613193,
    "noise_variance_r_mean": 0.013272300182977929,
    "trajectory_max_curvature": 0.012464910958819797,
    "duration_seconds": 0.011958931582301996,
    "freq_low_power_mean": 0.011896675740712074,
    "freq_high_power_mean": 0.011370349475133504,
    "flow_jitter_index": 0.009349369417223165,
    "prnu_std_corr": 0.007551739856442216,
    "resolution_width": 0.0026868477363588055,
    "fps": 0.001929035587184152,
    "temporal_noise_consistency": 0.0017833817661224564,
    "resolution_height": 0.0008832215337821568,
    "i_frame_ratio": 0.0,
    "p_frame_ratio": 0.0,
    "b_frame_ratio": 0.0,
    "gop_length_mean": 0.0,
    "gop_length_std": 0.0,
    "double_compression_score": 0.0
  },
  "accuracy": {
    "random_forest": 0.7222222222222222,
    "gradient_boosting": 0.6111111111111112,
    "ensemble": 0.6666666666666667,
    "rf_cv_mean": 0.7802197802197802,
    "gb_cv_mean": 0.7362637362637362
  },
  "trained_date": "2025-11-22T22:20:24.775708",
  "training_config": {
    "test_size": 0.2,
    "random_state": 42,
    "rf_n_estimators": 100,
    "gb_n_estimators": 100
  }
}